-- phpMyAdmin SQL Dump
-- version 4.9.5
-- https://www.phpmyadmin.net/
--
-- Host: localhost:3306
-- Generation Time: Dec 19, 2020 at 09:53 AM
-- Server version: 5.7.24
-- PHP Version: 7.4.1

SET SQL_MODE = "NO_AUTO_VALUE_ON_ZERO";
SET AUTOCOMMIT = 0;
START TRANSACTION;
SET time_zone = "+00:00";


/*!40101 SET @OLD_CHARACTER_SET_CLIENT=@@CHARACTER_SET_CLIENT */;
/*!40101 SET @OLD_CHARACTER_SET_RESULTS=@@CHARACTER_SET_RESULTS */;
/*!40101 SET @OLD_COLLATION_CONNECTION=@@COLLATION_CONNECTION */;
/*!40101 SET NAMES utf8mb4 */;

--
-- Database: `airb`
--

-- --------------------------------------------------------

--
-- Table structure for table `location`
--

CREATE TABLE `location` (
  `id_location` int(11) NOT NULL,
  `id_quartier` int(11) NOT NULL,
  `id_secteur` int(11) NOT NULL,
  `id_room_type` int(11) NOT NULL,
  `prix` int(11) NOT NULL,
  `nuit_mini` int(11) NOT NULL,
  `dispo` int(11) NOT NULL
) ENGINE=InnoDB DEFAULT CHARSET=utf8;

--
-- Dumping data for table `location`
--

INSERT INTO `location` (`id_location`, `id_quartier`, `id_secteur`, `id_room_type`, `prix`, `nuit_mini`, `dispo`) VALUES
(1, 1, 1, 1, 149, 1, 365),
(2, 2, 2, 2, 225, 1, 355),
(3, 1, 3, 2, 89, 1, 194),
(4, 2, 4, 2, 80, 10, 0),
(5, 2, 5, 2, 200, 3, 129),
(6, 1, 6, 1, 60, 45, 0),
(7, 2, 7, 1, 79, 2, 220),
(8, 2, 8, 1, 79, 2, 0),
(9, 2, 9, 2, 150, 1, 188),
(10, 2, 8, 2, 135, 5, 6),
(11, 2, 7, 1, 85, 2, 39),
(12, 1, 10, 1, 89, 4, 314),
(13, 2, 8, 1, 85, 2, 333),
(14, 2, 11, 2, 120, 90, 0),
(15, 1, 12, 2, 140, 2, 46),
(16, 1, 13, 2, 215, 2, 321),
(17, 2, 14, 1, 140, 1, 12),
(18, 1, 15, 2, 99, 3, 21),
(19, 1, 12, 2, 299, 3, 0),
(20, 1, 16, 1, 130, 2, 347),
(21, 1, 16, 1, 80, 1, 364),
(22, 1, 16, 1, 110, 2, 304),
(23, 1, 6, 2, 120, 2, 233),
(24, 1, 17, 1, 60, 1, 85),
(25, 2, 7, 2, 150, 10, 75),
(26, 2, 18, 1, 44, 3, 311),
(27, 2, 19, 2, 180, 14, 67),
(28, 2, 20, 1, 50, 3, 355),
(29, 2, 20, 1, 52, 2, 255),
(30, 1, 21, 1, 55, 4, 284),
(31, 2, 20, 1, 50, 3, 359),
(32, 1, 6, 1, 70, 1, 269),
(33, 1, 10, 1, 89, 4, 340),
(34, 1, 22, 2, 85, 2, 22),
(35, 2, 23, 3, 40, 1, 188),
(36, 2, 19, 1, 68, 2, 96),
(37, 1, 10, 2, 120, 3, 345),
(38, 1, 13, 1, 120, 7, 311),
(39, 2, 8, 1, 135, 4, 273),
(40, 2, 20, 2, 150, 7, 309),
(41, 1, 24, 2, 150, 29, 95),
(42, 3, 25, 1, 130, 3, 215),
(43, 1, 6, 2, 110, 7, 265),
(44, 1, 6, 2, 115, 3, 0),
(45, 1, 13, 1, 80, 3, 192),
(46, 1, 6, 1, 80, 1, 251),
(47, 2, 8, 2, 151, 2, 302),
(48, 1, 12, 2, 228, 3, 140),
(49, 1, 21, 2, 144, 2, 234),
(50, 2, 26, 2, 200, 7, 257),
(51, 1, 12, 2, 150, 30, 30),
(52, 2, 23, 1, 110, 5, 301),
(53, 2, 7, 1, 69, 2, 294),
(54, 1, 21, 1, 49, 4, 320),
(55, 2, 27, 2, 180, 30, 154),
(56, 1, 12, 1, 80, 2, 263),
(57, 2, 14, 2, 375, 180, 180),
(58, 2, 28, 2, 250, 2, 231),
(59, 1, 29, 2, 200, 30, 297),
(60, 1, 3, 1, 55, 7, 292),
(61, 2, 7, 1, 52, 30, 191),
(62, 1, 16, 2, 225, 3, 0),
(63, 2, 19, 1, 80, 1, 72),
(64, 1, 12, 2, 275, 1, 362),
(65, 2, 19, 1, 99, 1, 336),
(66, 2, 4, 2, 225, 4, 215),
(67, 2, 19, 2, 230, 9, 116),
(68, 2, 7, 1, 51, 7, 88),
(69, 2, 30, 1, 65, 2, 336),
(70, 1, 3, 1, 105, 2, 304),
(71, 2, 19, 2, 190, 5, 224),
(72, 2, 28, 1, 200, 1, 322),
(73, 3, 31, 1, 70, 30, 324),
(74, 1, 13, 1, 95, 3, 132),
(75, 2, 14, 1, 150, 3, 295),
(76, 1, 12, 1, 145, 3, 238),
(77, 2, 20, 2, 110, 31, 209),
(78, 2, 23, 2, 285, 5, 328),
(79, 1, 32, 2, 130, 6, 38),
(80, 2, 23, 1, 94, 30, 188),
(81, 1, 33, 2, 800, 1, 7),
(82, 1, 12, 2, 105, 3, 272),
(83, 2, 19, 1, 60, 3, 26),
(84, 2, 19, 1, 50, 1, 0),
(85, 1, 12, 1, 85, 3, 288),
(86, 1, 22, 1, 65, 4, 317),
(87, 1, 29, 2, 131, 4, 207),
(88, 1, 3, 1, 98, 7, 185),
(89, 1, 29, 2, 250, 7, 158),
(90, 1, 12, 2, 100, 5, 0),
(91, 1, 22, 2, 105, 3, 9),
(92, 2, 8, 2, 140, 3, 198),
(93, 2, 20, 1, 89, 1, 365),
(94, 2, 14, 1, 98, 30, 364),
(95, 1, 6, 2, 125, 7, 311),
(96, 2, 20, 1, 60, 3, 219),
(97, 1, 34, 2, 175, 2, 342),
(98, 2, 30, 1, 65, 2, 312),
(99, 2, 11, 2, 500, 4, 243),
(100, 1, 12, 1, 101, 3, 152),
(101, 1, 16, 2, 220, 30, 9),
(102, 1, 6, 2, 125, 90, 137),
(103, 1, 12, 2, 80, 30, 222),
(104, 2, 20, 1, 100, 2, 346),
(105, 1, 35, 2, 200, 30, 208),
(106, 2, 7, 1, 59, 2, 279),
(107, 1, 3, 1, 125, 2, 250),
(108, 2, 19, 2, 140, 7, 164),
(109, 1, 10, 2, 120, 30, 192),
(110, 2, 19, 2, 350, 2, 298),
(111, 2, 26, 2, 199, 5, 260),
(112, 1, 12, 2, 325, 3, 107),
(113, 2, 8, 2, 235, 6, 199),
(114, 2, 19, 2, 225, 1, 299),
(115, 1, 10, 1, 99, 2, 20),
(116, 2, 20, 2, 170, 2, 318),
(117, 1, 10, 2, 400, 2, 216),
(118, 2, 8, 2, 170, 7, 224),
(119, 2, 19, 2, 100, 4, 0),
(120, 1, 24, 1, 75, 2, 324),
(121, 1, 12, 1, 90, 1, 245),
(122, 2, 28, 2, 150, 5, 189),
(123, 2, 30, 1, 85, 15, 307),
(124, 1, 6, 1, 70, 3, 310),
(125, 2, 20, 2, 120, 3, 213),
(126, 1, 3, 1, 89, 3, 278),
(127, 2, 19, 2, 185, 5, 209),
(128, 1, 21, 1, 50, 3, 0),
(129, 2, 23, 2, 105, 3, 16),
(130, 2, 7, 1, 130, 2, 234),
(131, 2, 11, 2, 115, 29, 12),
(132, 1, 36, 1, 77, 2, 178),
(133, 1, 3, 1, 76, 2, 275),
(134, 1, 6, 2, 125, 3, 163),
(135, 1, 3, 1, 135, 4, 365),
(136, 1, 21, 2, 250, 29, 34),
(137, 1, 12, 2, 199, 3, 280),
(138, 1, 37, 2, 140, 2, 0),
(139, 3, 38, 1, 140, 2, 1),
(140, 1, 6, 2, 115, 3, 170),
(141, 1, 12, 2, 160, 3, 188),
(142, 1, 12, 2, 195, 4, 214),
(143, 2, 19, 2, 195, 3, 248),
(144, 1, 12, 1, 80, 3, 262),
(145, 1, 13, 1, 44, 8, 280),
(146, 2, 11, 1, 156, 4, 307),
(147, 1, 29, 1, 85, 15, 339),
(148, 1, 12, 1, 125, 3, 1),
(149, 1, 29, 2, 115, 15, 269),
(150, 2, 4, 1, 69, 2, 10),
(151, 2, 11, 2, 225, 45, 312),
(152, 1, 12, 2, 125, 6, 189),
(153, 2, 28, 2, 219, 4, 290),
(154, 1, 39, 2, 475, 3, 230),
(155, 2, 28, 2, 99, 1, 164),
(156, 1, 12, 1, 69, 4, 53),
(157, 3, 40, 1, 79, 30, 126),
(158, 1, 6, 2, 135, 2, 3),
(159, 1, 41, 1, 250, 3, 189),
(160, 2, 28, 2, 250, 3, 365),
(161, 1, 35, 2, 250, 2, 0),
(162, 2, 20, 2, 80, 3, 0),
(163, 1, 3, 1, 70, 2, 336),
(164, 1, 34, 2, 165, 2, 342),
(165, 4, 42, 1, 70, 2, 312),
(166, 1, 22, 1, 50, 2, 37),
(167, 5, 43, 1, 40, 1, 353),
(168, 1, 12, 2, 150, 2, 177),
(169, 2, 19, 1, 125, 1, 310),
(170, 2, 44, 2, 196, 3, 0),
(171, 1, 13, 1, 110, 2, 321),
(172, 2, 11, 2, 170, 3, 246),
(173, 2, 20, 2, 165, 3, 231),
(174, 2, 11, 2, 150, 26, 225),
(175, 2, 20, 2, 100, 2, 0),
(176, 1, 13, 1, 65, 2, 0),
(177, 3, 45, 2, 350, 8, 365),
(178, 2, 46, 1, 99, 4, 233),
(179, 1, 12, 2, 200, 4, 1),
(180, 1, 16, 2, 150, 5, 18),
(181, 1, 6, 1, 90, 3, 343),
(182, 1, 29, 1, 120, 3, 250),
(183, 2, 28, 1, 75, 3, 326),
(184, 1, 6, 2, 175, 26, 364),
(185, 2, 14, 2, 125, 3, 0),
(186, 2, 7, 2, 275, 1, 299),
(187, 2, 23, 2, 299, 2, 207),
(188, 2, 23, 1, 83, 1, 7),
(189, 2, 14, 1, 123, 1, 328),
(190, 3, 47, 1, 55, 2, 365),
(191, 2, 7, 2, 195, 5, 0),
(192, 1, 6, 1, 80, 2, 0),
(193, 3, 48, 2, 98, 30, 240),
(194, 3, 45, 1, 140, 7, 365),
(195, 3, 48, 2, 265, 7, 365),
(196, 1, 12, 2, 249, 2, 164),
(197, 2, 7, 3, 105, 6, 363),
(198, 1, 29, 1, 100, 2, 250),
(199, 2, 20, 2, 121, 1, 247),
(200, 5, 43, 1, 45, 1, 323),
(201, 2, 4, 1, 100, 5, 192),
(202, 1, 12, 2, 140, 2, 125),
(203, 1, 6, 1, 71, 2, 91),
(204, 2, 49, 1, 130, 2, 75),
(205, 2, 11, 2, 199, 5, 286),
(206, 1, 12, 1, 69, 4, 60),
(207, 1, 13, 1, 68, 3, 0),
(208, 2, 19, 2, 130, 1, 192),
(209, 1, 21, 2, 195, 2, 58),
(210, 2, 20, 1, 64, 1, 245),
(211, 3, 50, 2, 140, 2, 292),
(212, 1, 37, 2, 159, 2, 279),
(213, 2, 19, 2, 189, 3, 0),
(214, 2, 7, 2, 250, 3, 3),
(215, 2, 19, 2, 239, 3, 351),
(216, 2, 51, 2, 305, 2, 201),
(217, 2, 20, 2, 155, 3, 232),
(218, 2, 20, 1, 60, 1, 258),
(219, 1, 17, 1, 135, 2, 272),
(220, 2, 52, 1, 120, 7, 341),
(221, 2, 23, 2, 150, 3, 244),
(222, 3, 45, 2, 140, 14, 365),
(223, 1, 21, 2, 135, 2, 12),
(224, 2, 9, 2, 250, 4, 265),
(225, 2, 2, 2, 250, 30, 0),
(226, 2, 27, 2, 500, 4, 329),
(227, 2, 53, 2, 225, 5, 91),
(228, 2, 4, 2, 125, 28, 365),
(229, 2, 20, 1, 92, 1, 253),
(230, 2, 20, 1, 175, 2, 365),
(231, 2, 19, 2, 99, 2, 320),
(232, 2, 8, 2, 195, 4, 0),
(233, 2, 4, 2, 140, 3, 192),
(234, 2, 54, 2, 135, 2, 0),
(235, 2, 14, 2, 500, 2, 348),
(236, 2, 20, 1, 80, 14, 0),
(237, 2, 9, 1, 120, 4, 353),
(238, 2, 2, 2, 110, 200, 140),
(239, 1, 55, 2, 65, 3, 2),
(240, 2, 19, 2, 130, 50, 56),
(241, 1, 22, 2, 99, 3, 68),
(242, 4, 56, 1, 36, 2, 360),
(243, 4, 56, 1, 37, 2, 0),
(244, 4, 56, 1, 37, 2, 320),
(245, 2, 19, 2, 175, 3, 326),
(246, 2, 14, 2, 205, 9, 76),
(247, 1, 21, 2, 285, 3, 279),
(248, 1, 12, 1, 59, 2, 15),
(249, 4, 56, 1, 36, 2, 340),
(250, 3, 57, 2, 99, 5, 226),
(251, 1, 1, 1, 39, 1, 365),
(252, 1, 16, 1, 60, 14, 0),
(253, 5, 58, 2, 105, 2, 365),
(254, 1, 6, 2, 135, 2, 11),
(255, 2, 19, 2, 390, 5, 316),
(256, 1, 6, 1, 70, 3, 281),
(257, 1, 12, 1, 60, 17, 362),
(258, 1, 15, 1, 100, 3, 301),
(259, 1, 6, 1, 70, 4, 189),
(260, 1, 15, 1, 110, 6, 0),
(261, 1, 15, 1, 60, 2, 287),
(262, 2, 54, 2, 90, 14, 14),
(263, 2, 19, 1, 68, 2, 86),
(264, 2, 8, 2, 115, 2, 261),
(265, 1, 6, 1, 75, 5, 68),
(266, 2, 19, 2, 129, 7, 231),
(267, 1, 12, 2, 130, 10, 152),
(268, 1, 12, 2, 95, 4, 46),
(269, 2, 20, 1, 75, 3, 364),
(270, 1, 16, 2, 175, 2, 246),
(271, 1, 34, 2, 190, 3, 288),
(272, 1, 15, 1, 49, 21, 331),
(273, 2, 19, 2, 212, 3, 51),
(274, 2, 23, 1, 95, 1, 364),
(275, 1, 12, 2, 140, 2, 254),
(276, 2, 20, 2, 135, 6, 189),
(277, 1, 16, 2, 150, 2, 263),
(278, 1, 35, 2, 190, 3, 258),
(279, 2, 4, 2, 124, 28, 103),
(280, 1, 12, 2, 135, 30, 42),
(281, 2, 46, 1, 122, 3, 246),
(282, 2, 8, 1, 109, 1, 364),
(283, 2, 20, 1, 85, 30, 318),
(284, 1, 6, 2, 145, 3, 72),
(285, 2, 8, 2, 195, 11, 249),
(286, 1, 34, 2, 250, 2, 272),
(287, 1, 21, 1, 125, 3, 325),
(288, 2, 54, 2, 575, 2, 298),
(289, 2, 8, 2, 150, 30, 35),
(290, 1, 22, 1, 70, 5, 203),
(291, 2, 18, 1, 90, 2, 132),
(292, 2, 19, 1, 65, 3, 5),
(293, 2, 19, 2, 500, 2, 297),
(294, 2, 30, 2, 250, 3, 276),
(295, 2, 9, 2, 125, 25, 102),
(296, 2, 11, 2, 200, 30, 251),
(297, 1, 21, 2, 229, 1, 188),
(298, 5, 59, 2, 90, 30, 346),
(299, 2, 8, 2, 110, 13, 0),
(300, 1, 21, 1, 59, 3, 15),
(301, 1, 12, 2, 195, 4, 71),
(302, 1, 12, 2, 169, 1, 215),
(303, 2, 4, 2, 113, 14, 253),
(304, 2, 20, 2, 250, 14, 78),
(305, 3, 57, 2, 115, 2, 257),
(306, 1, 21, 1, 55, 2, 0),
(307, 1, 12, 1, 69, 2, 8),
(308, 2, 23, 2, 150, 3, 191),
(309, 1, 10, 2, 169, 2, 182),
(310, 1, 21, 1, 179, 3, 79),
(311, 2, 7, 1, 150, 3, 49),
(312, 1, 39, 2, 135, 4, 0),
(313, 1, 3, 2, 350, 6, 156),
(314, 1, 12, 1, 120, 14, 343),
(315, 2, 19, 1, 71, 2, 200),
(316, 1, 21, 1, 349, 3, 60),
(317, 1, 21, 1, 349, 3, 60),
(318, 1, 16, 2, 165, 30, 189),
(319, 1, 21, 1, 249, 3, 60),
(320, 1, 33, 1, 100, 3, 0),
(321, 1, 33, 2, 200, 3, 106),
(322, 2, 19, 2, 169, 4, 276),
(323, 1, 6, 2, 185, 3, 248),
(324, 1, 22, 2, 65, 2, 194),
(325, 1, 13, 2, 130, 35, 135),
(326, 1, 12, 2, 199, 30, 30),
(327, 2, 19, 2, 225, 2, 0),
(328, 1, 21, 1, 179, 3, 81),
(329, 1, 15, 2, 150, 5, 0),
(330, 2, 19, 2, 139, 1, 142),
(331, 2, 60, 1, 95, 3, 60),
(332, 1, 15, 2, 79, 15, 179),
(333, 2, 23, 2, 150, 2, 52),
(334, 1, 6, 2, 90, 3, 324),
(335, 1, 6, 2, 120, 2, 237),
(336, 3, 57, 1, 80, 1, 365),
(337, 1, 6, 2, 175, 2, 204),
(338, 1, 15, 2, 120, 5, 272),
(339, 1, 12, 2, 140, 7, 0),
(340, 1, 6, 2, 200, 5, 9),
(341, 1, 3, 1, 165, 4, 365),
(342, 2, 26, 2, 125, 4, 181),
(343, 2, 14, 2, 130, 30, 189),
(344, 2, 4, 3, 65, 7, 0),
(345, 1, 13, 2, 123, 30, 189),
(346, 2, 30, 1, 67, 2, 296),
(347, 1, 35, 2, 130, 7, 35),
(348, 1, 12, 1, 100, 3, 0),
(349, 2, 8, 2, 212, 21, 35),
(350, 1, 12, 2, 190, 3, 359),
(351, 1, 21, 1, 599, 3, 60),
(352, 2, 19, 2, 249, 5, 365),
(353, 3, 61, 1, 70, 27, 335),
(354, 1, 15, 2, 100, 30, 282),
(355, 2, 20, 1, 60, 3, 247),
(356, 1, 6, 2, 135, 2, 102),
(357, 1, 21, 2, 175, 3, 274),
(358, 2, 8, 2, 120, 5, 201),
(359, 2, 2, 2, 169, 18, 98),
(360, 1, 15, 2, 165, 7, 157),
(361, 2, 20, 1, 90, 1, 0),
(362, 2, 28, 2, 225, 2, 312),
(363, 1, 13, 1, 95, 2, 331),
(364, 1, 15, 1, 55, 2, 275),
(365, 2, 7, 1, 85, 10, 174),
(366, 1, 10, 2, 199, 14, 223),
(367, 2, 23, 2, 211, 1, 361),
(368, 2, 2, 2, 145, 6, 0),
(369, 2, 20, 1, 65, 14, 283),
(370, 2, 20, 2, 99, 1, 220),
(371, 3, 57, 2, 110, 4, 363),
(372, 1, 15, 2, 80, 3, 315),
(373, 1, 33, 2, 150, 30, 281),
(374, 1, 6, 2, 110, 4, 283),
(375, 2, 14, 1, 290, 2, 20),
(376, 1, 12, 2, 190, 4, 331),
(377, 1, 12, 2, 200, 2, 36),
(378, 1, 16, 2, 165, 2, 7),
(379, 2, 20, 2, 110, 2, 301),
(380, 2, 19, 2, 395, 2, 170),
(381, 1, 6, 1, 99, 2, 307),
(382, 1, 1, 1, 39, 1, 365),
(383, 2, 19, 2, 189, 2, 201),
(384, 2, 8, 1, 85, 1, 0),
(385, 1, 35, 2, 260, 30, 316),
(386, 2, 20, 2, 122, 1, 271),
(387, 1, 21, 2, 165, 2, 139),
(388, 3, 62, 2, 97, 3, 209),
(389, 2, 11, 2, 170, 4, 0),
(390, 1, 12, 2, 125, 2, 0),
(391, 2, 5, 1, 130, 4, 193),
(392, 1, 12, 2, 225, 10, 52),
(393, 1, 55, 1, 50, 2, 136),
(394, 1, 13, 2, 170, 3, 286),
(395, 2, 14, 2, 132, 4, 0),
(396, 1, 16, 2, 250, 7, 18),
(397, 1, 21, 2, 141, 5, 9),
(398, 1, 15, 2, 64, 20, 3),
(399, 1, 12, 2, 249, 3, 277),
(400, 1, 15, 1, 79, 2, 0),
(401, 2, 19, 2, 185, 2, 233),
(402, 1, 39, 2, 120, 3, 221),
(403, 1, 16, 2, 495, 1, 355),
(404, 2, 63, 2, 375, 3, 0),
(405, 2, 63, 2, 175, 3, 277),
(406, 2, 19, 2, 150, 4, 0),
(407, 2, 20, 2, 259, 8, 343),
(408, 2, 19, 1, 96, 1, 0),
(409, 1, 12, 2, 145, 7, 0),
(410, 2, 8, 2, 95, 5, 0),
(411, 1, 17, 2, 250, 4, 188),
(412, 2, 20, 2, 295, 2, 264),
(413, 2, 53, 2, 175, 3, 0),
(414, 1, 12, 2, 451, 2, 331),
(415, 2, 8, 2, 165, 2, 236),
(416, 5, 64, 2, 77, 1, 309),
(417, 2, 23, 2, 250, 4, 0),
(418, 3, 57, 2, 129, 1, 245),
(419, 1, 12, 1, 98, 2, 0),
(420, 2, 19, 1, 95, 7, 359),
(421, 2, 20, 1, 55, 3, 333),
(422, 2, 20, 2, 300, 2, 258),
(423, 3, 40, 1, 42, 40, 236),
(424, 1, 21, 2, 125, 2, 22),
(425, 2, 19, 1, 175, 3, 236),
(426, 2, 20, 1, 75, 3, 365),
(427, 1, 12, 2, 255, 45, 89),
(428, 1, 6, 2, 72, 31, 164),
(429, 1, 6, 1, 165, 1, 311),
(430, 1, 12, 2, 165, 5, 23),
(431, 1, 3, 1, 75, 3, 365),
(432, 1, 21, 2, 130, 5, 0),
(433, 1, 12, 2, 139, 2, 222),
(434, 1, 6, 1, 88, 1, 238),
(435, 1, 6, 1, 80, 1, 218),
(436, 2, 14, 1, 150, 2, 0),
(437, 2, 8, 2, 200, 3, 0),
(438, 2, 19, 2, 200, 2, 235),
(439, 3, 40, 1, 42, 40, 246),
(440, 1, 12, 1, 90, 6, 0),
(441, 2, 20, 2, 295, 3, 247),
(442, 1, 12, 2, 450, 5, 15),
(443, 1, 15, 2, 130, 2, 119),
(444, 1, 12, 1, 89, 3, 0),
(445, 2, 20, 2, 198, 5, 234),
(446, 2, 19, 2, 99, 2, 257),
(447, 1, 21, 1, 46, 4, 350),
(448, 2, 27, 1, 140, 2, 221),
(449, 1, 34, 2, 500, 7, 0),
(450, 2, 46, 1, 75, 5, 201),
(451, 3, 40, 1, 33, 44, 161),
(452, 2, 8, 2, 250, 31, 259),
(453, 1, 22, 1, 60, 3, 0),
(454, 2, 30, 1, 75, 2, 222),
(455, 1, 34, 2, 350, 5, 0),
(456, 2, 14, 2, 205, 9, 76),
(457, 1, 16, 2, 219, 5, 0),
(458, 1, 16, 1, 60, 1, 258),
(459, 2, 8, 2, 185, 2, 14),
(460, 2, 19, 2, 190, 3, 27),
(461, 1, 10, 2, 105, 28, 167),
(462, 2, 4, 2, 250, 2, 68),
(463, 2, 8, 2, 175, 65, 358),
(464, 2, 20, 1, 65, 2, 59),
(465, 1, 6, 2, 75, 2, 0),
(466, 5, 65, 1, 37, 4, 232),
(467, 1, 12, 2, 85, 2, 15),
(468, 2, 4, 2, 79, 2, 0),
(469, 1, 13, 1, 85, 2, 161),
(470, 2, 20, 1, 170, 2, 88),
(471, 2, 23, 1, 115, 3, 337),
(472, 2, 20, 1, 89, 5, 247),
(473, 2, 20, 3, 49, 3, 248),
(474, 1, 21, 1, 91, 3, 287),
(475, 2, 66, 2, 400, 2, 304),
(476, 1, 22, 2, 150, 2, 0),
(477, 2, 8, 2, 2000, 30, 0),
(478, 1, 15, 2, 97, 3, 193),
(479, 2, 19, 1, 100, 4, 43),
(480, 1, 12, 2, 179, 4, 25),
(481, 1, 21, 2, 500, 2, 127),
(482, 2, 14, 2, 429, 10, 0),
(483, 2, 26, 2, 189, 6, 303),
(484, 2, 23, 1, 120, 2, 345),
(485, 2, 63, 2, 300, 1, 115),
(486, 3, 57, 2, 107, 30, 200),
(487, 3, 57, 2, 95, 30, 271),
(488, 2, 20, 2, 199, 2, 12),
(489, 2, 4, 2, 120, 2, 268),
(490, 2, 11, 2, 199, 15, 89),
(491, 5, 67, 2, 125, 2, 347),
(492, 1, 12, 1, 70, 2, 37),
(493, 1, 12, 1, 75, 4, 0),
(494, 2, 11, 1, 100, 30, 359),
(495, 1, 6, 2, 99, 2, 287),
(496, 2, 14, 2, 250, 1, 0),
(497, 1, 12, 2, 350, 6, 233),
(498, 1, 29, 2, 170, 3, 129),
(499, 2, 19, 2, 165, 1, 0),
(500, 2, 7, 1, 99, 1, 353),
(501, 2, 14, 1, 255, 4, 365),
(502, 1, 68, 2, 169, 3, 297),
(503, 1, 15, 2, 99, 4, 56),
(504, 2, 28, 2, 169, 7, 44),
(505, 1, 6, 2, 160, 3, 355),
(506, 1, 29, 2, 215, 3, 156),
(507, 1, 16, 2, 130, 3, 273),
(508, 2, 19, 1, 110, 3, 274),
(509, 2, 7, 1, 150, 28, 258),
(510, 1, 12, 1, 65, 30, 276),
(511, 3, 40, 1, 75, 2, 65),
(512, 2, 14, 2, 149, 6, 0),
(513, 2, 8, 1, 89, 6, 180),
(514, 2, 30, 1, 50, 1, 343),
(515, 1, 24, 1, 43, 1, 43),
(516, 1, 24, 1, 42, 1, 96),
(517, 1, 12, 1, 85, 1, 59),
(518, 1, 6, 2, 139, 3, 255),
(519, 1, 16, 1, 105, 1, 252),
(520, 1, 16, 2, 265, 5, 0),
(521, 2, 7, 2, 149, 1, 20),
(522, 2, 20, 1, 68, 2, 188),
(523, 1, 6, 2, 99, 3, 304),
(524, 2, 20, 1, 75, 3, 38),
(525, 1, 12, 1, 100, 2, 254),
(526, 2, 19, 2, 160, 30, 46),
(527, 1, 16, 2, 190, 4, 328),
(528, 1, 6, 1, 67, 4, 0),
(529, 2, 28, 2, 190, 1, 0),
(530, 1, 3, 2, 248, 2, 199),
(531, 1, 12, 1, 100, 6, 249),
(532, 2, 9, 1, 95, 3, 64),
(533, 2, 69, 1, 150, 1, 111),
(534, 1, 6, 2, 145, 3, 287),
(535, 1, 22, 1, 41, 2, 286),
(536, 1, 12, 2, 120, 4, 263),
(537, 5, 70, 1, 50, 3, 276),
(538, 1, 13, 2, 157, 2, 0),
(539, 1, 12, 2, 195, 14, 263),
(540, 1, 71, 2, 70, 4, 90),
(541, 1, 12, 2, 185, 3, 0),
(542, 1, 6, 2, 145, 3, 11),
(543, 3, 40, 1, 50, 28, 287),
(544, 1, 21, 2, 185, 3, 1),
(545, 2, 19, 2, 250, 1, 0),
(546, 2, 11, 1, 80, 90, 338),
(547, 2, 69, 2, 230, 2, 44),
(548, 1, 35, 2, 100, 7, 0),
(549, 1, 22, 1, 40, 1, 5),
(550, 2, 23, 1, 200, 30, 0),
(551, 4, 72, 1, 80, 2, 158),
(552, 1, 6, 1, 79, 3, 192),
(553, 3, 25, 2, 95, 30, 358),
(554, 2, 8, 2, 300, 2, 31),
(555, 1, 73, 2, 100, 30, 241),
(556, 2, 20, 1, 80, 7, 285),
(557, 1, 74, 2, 110, 1, 183),
(558, 1, 3, 2, 172, 4, 189),
(559, 2, 23, 2, 199, 1, 162),
(560, 2, 23, 2, 199, 1, 158),
(561, 2, 20, 1, 100, 1, 84),
(562, 2, 20, 1, 55, 4, 260),
(563, 1, 6, 1, 75, 3, 0),
(564, 2, 19, 2, 146, 3, 166),
(565, 1, 21, 2, 116, 29, 335),
(566, 2, 75, 1, 150, 3, 90),
(567, 1, 16, 1, 120, 2, 342),
(568, 2, 14, 2, 199, 4, 28),
(569, 1, 29, 2, 150, 5, 363),
(570, 2, 20, 1, 69, 1, 86),
(571, 2, 20, 1, 300, 55, 83),
(572, 1, 39, 2, 230, 4, 0),
(573, 2, 2, 2, 125, 4, 0),
(574, 1, 6, 1, 79, 3, 264),
(575, 1, 13, 1, 130, 3, 305),
(576, 1, 3, 1, 239, 1, 356),
(577, 4, 76, 2, 75, 6, 278),
(578, 1, 12, 2, 220, 3, 135),
(579, 1, 6, 2, 80, 3, 308),
(580, 2, 19, 2, 288, 2, 229),
(581, 1, 6, 2, 135, 4, 273),
(582, 2, 11, 2, 225, 3, 83),
(583, 2, 9, 1, 110, 30, 281),
(584, 1, 6, 2, 100, 7, 321),
(585, 2, 7, 1, 130, 2, 303),
(586, 2, 19, 1, 89, 1, 192),
(587, 1, 77, 2, 200, 5, 0),
(588, 1, 6, 2, 80, 2, 36),
(589, 5, 78, 1, 50, 5, 271),
(590, 2, 4, 2, 135, 28, 341),
(591, 2, 19, 1, 90, 1, 333),
(592, 2, 27, 1, 270, 5, 210),
(593, 1, 6, 2, 110, 3, 231),
(594, 2, 4, 2, 145, 1, 308),
(595, 2, 7, 2, 179, 30, 292),
(596, 3, 45, 1, 55, 1, 311),
(597, 2, 2, 1, 110, 2, 264),
(598, 2, 20, 2, 325, 5, 153),
(599, 3, 25, 1, 75, 30, 219),
(600, 1, 10, 2, 300, 1, 0),
(601, 2, 11, 1, 130, 30, 332),
(602, 2, 2, 2, 190, 30, 120),
(603, 2, 23, 2, 200, 3, 191),
(604, 1, 12, 2, 180, 2, 248),
(605, 1, 41, 2, 350, 5, 67),
(606, 2, 26, 2, 195, 30, 325),
(607, 2, 9, 2, 300, 7, 0),
(608, 3, 50, 2, 75, 28, 313),
(609, 2, 23, 2, 100, 5, 0),
(610, 1, 13, 1, 85, 5, 69),
(611, 1, 24, 2, 80, 21, 0),
(612, 1, 29, 1, 55, 1, 293),
(613, 1, 3, 1, 438, 1, 363),
(614, 1, 6, 2, 110, 6, 4),
(615, 2, 11, 2, 200, 2, 257),
(616, 1, 3, 1, 279, 1, 362),
(617, 1, 12, 2, 137, 1, 0),
(618, 1, 6, 2, 280, 3, 365),
(619, 1, 12, 2, 199, 30, 102),
(620, 2, 18, 1, 71, 4, 26),
(621, 5, 59, 1, 42, 2, 302),
(622, 1, 6, 2, 180, 2, 280),
(623, 2, 14, 2, 226, 5, 302),
(624, 1, 15, 1, 85, 3, 281),
(625, 2, 66, 2, 135, 1, 0),
(626, 3, 79, 2, 79, 4, 297),
(627, 2, 23, 2, 154, 1, 246),
(628, 1, 21, 2, 199, 3, 60),
(629, 2, 11, 2, 700, 3, 296),
(630, 2, 11, 2, 246, 4, 0),
(631, 2, 30, 1, 125, 60, 364),
(632, 1, 6, 1, 100, 1, 281),
(633, 1, 12, 2, 295, 5, 0),
(634, 2, 9, 2, 119, 1, 0),
(635, 2, 20, 1, 125, 1, 365),
(636, 2, 53, 2, 850, 3, 249),
(637, 1, 12, 1, 129, 2, 303),
(638, 2, 8, 1, 140, 1, 300),
(639, 2, 9, 1, 115, 4, 323),
(640, 2, 4, 2, 200, 3, 0),
(641, 1, 77, 2, 96, 120, 204),
(642, 1, 21, 2, 199, 3, 60),
(643, 1, 21, 2, 199, 3, 84),
(644, 1, 21, 2, 199, 3, 60),
(645, 1, 80, 1, 69, 1, 303),
(646, 2, 8, 2, 185, 2, 261),
(647, 2, 20, 1, 81, 2, 0),
(648, 1, 21, 2, 199, 3, 60),
(649, 1, 21, 2, 199, 3, 60),
(650, 1, 21, 2, 199, 3, 60),
(651, 1, 21, 2, 199, 3, 56),
(652, 1, 21, 2, 199, 3, 84),
(653, 1, 21, 1, 349, 3, 58),
(654, 1, 21, 1, 249, 3, 60),
(655, 1, 21, 1, 299, 3, 60),
(656, 1, 21, 1, 179, 3, 81),
(657, 3, 81, 1, 54, 5, 365),
(658, 1, 21, 1, 599, 3, 60),
(659, 1, 3, 2, 110, 1, 0),
(660, 1, 22, 2, 220, 2, 297),
(661, 1, 12, 1, 89, 30, 91),
(662, 1, 6, 2, 170, 2, 315),
(663, 2, 63, 2, 495, 7, 338),
(664, 3, 40, 2, 80, 10, 40),
(665, 2, 14, 2, 760, 2, 361),
(666, 1, 37, 1, 98, 4, 288),
(667, 1, 6, 2, 125, 30, 218),
(668, 1, 82, 1, 48, 90, 1),
(669, 1, 12, 1, 64, 3, 117),
(670, 1, 3, 2, 154, 3, 0),
(671, 1, 16, 2, 139, 3, 204),
(672, 3, 83, 1, 75, 4, 0),
(673, 2, 11, 2, 325, 4, 20),
(674, 2, 14, 2, 195, 365, 0),
(675, 2, 20, 1, 58, 1, 0),
(676, 4, 84, 2, 250, 2, 333),
(677, 4, 84, 2, 125, 2, 353),
(678, 1, 13, 2, 70, 7, 0),
(679, 2, 28, 2, 189, 2, 206),
(680, 1, 6, 2, 130, 3, 1),
(681, 2, 11, 2, 145, 7, 0),
(682, 2, 44, 1, 101, 7, 307),
(683, 2, 14, 1, 95, 5, 0),
(684, 2, 11, 2, 375, 7, 0),
(685, 2, 23, 2, 153, 31, 27),
(686, 1, 55, 2, 92, 4, 27),
(687, 2, 23, 1, 80, 5, 348),
(688, 2, 11, 2, 300, 4, 246),
(689, 1, 13, 2, 145, 3, 15),
(690, 2, 19, 1, 88, 2, 0),
(691, 2, 20, 2, 155, 1, 5),
(692, 1, 12, 2, 185, 180, 0),
(693, 3, 40, 1, 73, 2, 0),
(694, 2, 8, 2, 225, 2, 107),
(695, 2, 46, 1, 85, 7, 144),
(696, 1, 15, 1, 99, 2, 98),
(697, 1, 82, 1, 48, 90, 0),
(698, 2, 69, 2, 200, 5, 0),
(699, 2, 28, 2, 485, 7, 0),
(700, 2, 63, 2, 310, 5, 89),
(701, 2, 8, 2, 109, 30, 286),
(702, 2, 8, 2, 167, 30, 252),
(703, 1, 13, 2, 147, 15, 189),
(704, 2, 23, 2, 195, 4, 271),
(705, 2, 54, 2, 199, 28, 0),
(706, 2, 44, 1, 65, 30, 0),
(707, 3, 85, 1, 55, 1, 0),
(708, 5, 86, 1, 50, 2, 337),
(709, 1, 1, 1, 60, 2, 347),
(710, 2, 4, 1, 99, 3, 127),
(711, 2, 20, 2, 130, 2, 41),
(712, 1, 12, 2, 290, 30, 0),
(713, 2, 14, 2, 350, 3, 18),
(714, 1, 15, 1, 50, 3, 158),
(715, 3, 25, 1, 96, 2, 270),
(716, 1, 22, 1, 45, 15, 88),
(717, 3, 31, 1, 85, 2, 306),
(718, 1, 6, 1, 34, 10, 216),
(719, 2, 19, 2, 250, 3, 16),
(720, 1, 12, 1, 190, 1, 365),
(721, 1, 12, 1, 75, 2, 365),
(722, 1, 24, 2, 93, 4, 312),
(723, 1, 6, 1, 60, 5, 33),
(724, 1, 6, 1, 65, 5, 0),
(725, 2, 2, 2, 125, 365, 365),
(726, 2, 28, 2, 300, 3, 27),
(727, 2, 53, 2, 150, 2, 300),
(728, 2, 30, 2, 56, 122, 216),
(729, 2, 19, 2, 299, 3, 365),
(730, 1, 21, 1, 60, 4, 303),
(731, 1, 13, 2, 88, 5, 0),
(732, 1, 12, 1, 60, 2, 161),
(733, 2, 11, 2, 1300, 5, 297),
(734, 2, 20, 1, 99, 2, 50),
(735, 1, 22, 2, 110, 3, 28),
(736, 1, 3, 2, 135, 5, 317),
(737, 2, 28, 2, 110, 15, 275),
(738, 1, 6, 2, 165, 3, 80),
(739, 1, 77, 2, 127, 180, 365),
(740, 1, 29, 2, 402, 3, 340),
(741, 2, 20, 1, 85, 6, 97),
(742, 1, 21, 1, 75, 7, 365),
(743, 2, 19, 2, 139, 30, 314),
(744, 1, 24, 2, 70, 6, 0),
(745, 2, 4, 1, 50, 3, 339),
(746, 3, 57, 1, 30, 5, 0),
(747, 2, 11, 2, 250, 30, 35),
(748, 1, 15, 1, 64, 1, 0),
(749, 2, 20, 2, 300, 3, 365),
(750, 1, 6, 2, 800, 4, 257),
(751, 1, 6, 2, 100, 3, 5),
(752, 1, 15, 2, 250, 5, 0),
(753, 2, 11, 2, 200, 27, 0),
(754, 1, 21, 2, 140, 5, 0),
(755, 2, 20, 1, 130, 1, 304),
(756, 1, 1, 2, 90, 30, 286),
(757, 2, 9, 2, 90, 3, 0),
(758, 1, 6, 1, 97, 3, 118),
(759, 1, 35, 2, 91, 6, 265),
(760, 1, 16, 1, 125, 3, 303),
(761, 2, 19, 2, 180, 7, 125),
(762, 1, 12, 2, 100, 19, 6),
(763, 2, 7, 2, 175, 3, 0),
(764, 1, 10, 1, 65, 4, 80),
(765, 2, 11, 2, 240, 5, 134),
(766, 2, 19, 1, 300, 6, 0),
(767, 2, 14, 2, 385, 1, 364),
(768, 1, 22, 1, 47, 15, 0),
(769, 1, 15, 2, 110, 3, 297),
(770, 2, 20, 1, 75, 2, 0),
(771, 1, 6, 2, 100, 3, 43),
(772, 2, 7, 2, 165, 2, 10),
(773, 1, 6, 2, 300, 2, 0),
(774, 1, 37, 2, 140, 3, 189),
(775, 1, 12, 2, 120, 6, 17),
(776, 1, 13, 2, 175, 3, 289),
(777, 1, 34, 2, 275, 31, 305),
(778, 2, 19, 2, 179, 8, 0),
(779, 1, 34, 2, 189, 2, 0),
(780, 2, 19, 2, 219, 2, 220),
(781, 2, 11, 2, 450, 20, 0),
(782, 2, 27, 2, 249, 5, 0),
(783, 3, 25, 1, 65, 2, 362),
(784, 1, 21, 2, 250, 4, 121),
(785, 2, 9, 2, 139, 30, 153),
(786, 2, 8, 2, 209, 7, 205),
(787, 1, 15, 2, 120, 5, 310),
(788, 3, 57, 2, 70, 5, 0),
(789, 2, 11, 1, 90, 3, 236),
(790, 2, 7, 2, 199, 3, 200),
(791, 1, 22, 1, 50, 60, 74),
(792, 1, 12, 2, 157, 4, 12),
(793, 1, 21, 2, 199, 3, 84),
(794, 3, 57, 2, 192, 3, 0),
(795, 1, 21, 2, 199, 3, 84),
(796, 2, 8, 2, 150, 1, 0),
(797, 1, 21, 2, 199, 3, 56),
(798, 1, 21, 2, 199, 3, 62),
(799, 1, 21, 2, 199, 3, 81),
(800, 1, 12, 2, 105, 3, 0),
(801, 1, 12, 1, 135, 28, 310),
(802, 1, 21, 2, 199, 3, 60),
(803, 1, 12, 1, 125, 3, 0),
(804, 1, 12, 1, 60, 7, 0),
(805, 1, 12, 2, 85, 1, 0),
(806, 2, 8, 2, 300, 3, 29),
(807, 1, 12, 1, 75, 2, 264),
(808, 3, 79, 1, 55, 1, 341),
(809, 1, 15, 1, 44, 5, 0),
(810, 1, 6, 1, 55, 5, 0),
(811, 1, 12, 1, 30, 3, 0),
(812, 1, 13, 1, 35, 3, 0),
(813, 1, 12, 1, 70, 1, 363),
(814, 1, 12, 2, 130, 14, 25),
(815, 1, 6, 1, 52, 2, 0),
(816, 2, 27, 2, 250, 5, 109),
(817, 1, 68, 2, 100, 1, 289),
(818, 1, 21, 2, 130, 4, 188),
(819, 2, 20, 1, 140, 2, 260),
(820, 1, 32, 1, 75, 2, 168),
(821, 2, 4, 2, 150, 7, 0),
(822, 2, 4, 2, 90, 3, 311),
(823, 2, 8, 2, 150, 2, 2),
(824, 1, 12, 2, 180, 3, 242),
(825, 1, 13, 1, 135, 3, 0),
(827, 2, 8, 1, 99, 3, 365),
(828, 1, 21, 1, 149, 14, 364),
(829, 4, 88, 1, 59, 1, 352),
(830, 2, 20, 1, 75, 3, 301),
(831, 2, 20, 1, 75, 3, 322),
(832, 1, 6, 1, 75, 3, 298),
(833, 2, 8, 2, 109, 30, 285),
(834, 1, 15, 2, 225, 4, 342),
(835, 2, 4, 1, 86, 3, 250),
(836, 3, 45, 1, 52, 2, 326),
(837, 1, 29, 1, 100, 2, 90),
(838, 2, 23, 2, 99, 30, 289),
(839, 2, 19, 1, 89, 3, 193),
(840, 1, 6, 2, 135, 2, 293),
(841, 2, 11, 2, 199, 14, 155),
(842, 1, 1, 2, 89, 3, 189),
(843, 2, 20, 1, 110, 3, 248),
(844, 1, 22, 2, 120, 2, 238),
(845, 1, 12, 1, 59, 3, 284),
(846, 1, 89, 1, 49, 4, 343),
(847, 1, 21, 1, 79, 14, 268),
(848, 2, 20, 2, 135, 30, 249),
(849, 1, 10, 2, 185, 2, 291),
(850, 1, 12, 2, 225, 4, 0),
(851, 2, 66, 2, 245, 5, 0),
(852, 2, 30, 2, 115, 3, 31),
(853, 1, 12, 2, 325, 2, 0),
(854, 1, 12, 1, 95, 2, 79),
(855, 2, 11, 1, 120, 2, 0),
(856, 2, 8, 2, 499, 30, 157),
(857, 1, 12, 1, 75, 2, 277),
(858, 2, 28, 1, 109, 1, 353),
(859, 1, 12, 2, 160, 3, 0),
(860, 2, 28, 2, 219, 4, 280),
(861, 2, 28, 2, 159, 2, 7),
(862, 1, 3, 1, 180, 3, 266),
(863, 2, 19, 2, 150, 5, 0),
(864, 2, 26, 2, 106, 3, 271),
(865, 2, 2, 2, 299, 10, 101),
(866, 2, 8, 2, 179, 3, 205),
(867, 1, 15, 2, 165, 3, 343),
(868, 1, 32, 2, 500, 4, 0),
(869, 2, 9, 2, 250, 15, 190),
(870, 2, 18, 1, 87, 7, 310),
(871, 1, 12, 1, 79, 4, 52),
(872, 2, 7, 1, 75, 2, 312),
(873, 1, 12, 2, 200, 30, 0),
(874, 2, 20, 1, 80, 1, 329),
(875, 1, 55, 2, 115, 3, 333),
(876, 1, 55, 2, 115, 3, 327),
(877, 1, 55, 2, 120, 3, 349),
(878, 2, 20, 1, 125, 3, 217),
(879, 2, 8, 2, 387, 1, 0),
(880, 2, 7, 1, 95, 6, 80),
(881, 2, 8, 2, 99, 2, 0),
(882, 2, 28, 2, 121, 1, 351),
(883, 2, 7, 2, 350, 4, 362),
(884, 2, 20, 1, 75, 2, 144),
(885, 2, 7, 1, 95, 5, 43),
(886, 2, 20, 1, 89, 1, 365),
(887, 2, 11, 1, 195, 1, 129),
(888, 1, 77, 2, 70, 18, 0),
(889, 2, 53, 1, 100, 3, 0),
(890, 2, 23, 2, 140, 1, 0),
(891, 2, 19, 2, 189, 3, 355),
(892, 1, 16, 2, 178, 30, 280),
(893, 1, 15, 2, 145, 14, 38),
(894, 1, 16, 2, 125, 5, 31),
(895, 2, 14, 2, 265, 4, 324),
(896, 1, 24, 1, 77, 5, 365),
(897, 2, 28, 1, 60, 3, 0),
(898, 2, 9, 2, 129, 3, 171),
(899, 2, 19, 2, 199, 6, 36),
(900, 1, 24, 1, 92, 7, 332),
(901, 1, 15, 2, 185, 3, 0),
(902, 2, 2, 2, 110, 7, 192),
(903, 1, 12, 1, 65, 4, 139),
(904, 2, 2, 1, 135, 3, 167),
(905, 2, 28, 3, 115, 30, 0),
(906, 2, 20, 1, 175, 2, 10),
(907, 1, 12, 1, 72, 3, 110),
(908, 1, 16, 1, 80, 2, 0),
(909, 1, 15, 2, 125, 5, 0),
(910, 1, 21, 1, 120, 5, 242),
(911, 1, 12, 1, 94, 2, 22),
(912, 1, 29, 1, 56, 3, 0),
(913, 2, 19, 2, 549, 30, 200),
(914, 1, 21, 2, 190, 2, 0),
(915, 1, 12, 1, 129, 3, 87),
(916, 1, 6, 2, 85, 5, 202),
(917, 4, 90, 1, 20, 3, 226),
(918, 2, 8, 2, 145, 3, 0),
(919, 2, 7, 2, 200, 7, 327),
(920, 1, 16, 2, 125, 4, 262),
(921, 1, 71, 2, 50, 30, 0),
(922, 2, 20, 1, 160, 3, 359),
(923, 2, 20, 1, 180, 3, 348),
(924, 2, 18, 1, 100, 1, 0),
(925, 1, 12, 1, 70, 5, 0),
(926, 5, 91, 2, 120, 2, 318),
(927, 4, 92, 1, 110, 2, 363),
(928, 2, 28, 1, 105, 7, 70),
(929, 2, 2, 2, 250, 3, 0),
(930, 2, 26, 1, 74, 240, 90),
(931, 2, 20, 2, 165, 2, 15),
(932, 2, 30, 1, 99, 3, 335),
(933, 2, 66, 2, 125, 30, 0),
(934, 3, 93, 1, 75, 1, 0),
(935, 3, 94, 3, 45, 1, 364),
(936, 1, 95, 2, 159, 2, 34),
(937, 1, 12, 1, 45, 15, 242),
(938, 2, 7, 1, 104, 2, 147),
(939, 2, 44, 2, 225, 4, 169),
(940, 2, 63, 1, 100, 5, 188),
(941, 1, 21, 1, 90, 2, 89),
(942, 3, 93, 1, 75, 1, 189),
(943, 2, 20, 2, 135, 5, 253),
(944, 2, 8, 1, 125, 1, 311),
(945, 2, 19, 2, 225, 3, 0),
(946, 2, 20, 1, 85, 3, 363),
(947, 2, 28, 2, 200, 7, 224),
(948, 1, 10, 2, 250, 3, 5),
(949, 2, 23, 1, 90, 10, 301),
(950, 1, 22, 2, 130, 30, 0),
(951, 1, 24, 2, 90, 30, 50),
(952, 1, 34, 2, 298, 30, 296),
(953, 2, 28, 2, 300, 4, 84),
(954, 2, 4, 1, 125, 3, 212),
(955, 2, 2, 1, 145, 3, 181),
(956, 2, 19, 2, 147, 2, 0),
(957, 1, 12, 1, 123, 3, 158),
(958, 1, 17, 2, 88, 3, 217),
(959, 3, 25, 2, 215, 2, 335),
(960, 2, 27, 2, 225, 3, 231),
(961, 2, 63, 2, 269, 28, 122),
(962, 1, 12, 2, 145, 3, 270),
(963, 1, 22, 1, 75, 3, 330),
(964, 1, 24, 2, 229, 2, 321),
(965, 1, 39, 2, 300, 29, 312),
(966, 2, 4, 1, 100, 3, 345),
(967, 1, 80, 2, 75, 2, 2),
(968, 2, 63, 2, 225, 2, 252),
(969, 1, 12, 1, 120, 6, 15),
(970, 1, 15, 2, 160, 5, 169),
(971, 1, 15, 2, 125, 30, 212),
(972, 1, 6, 2, 95, 5, 0),
(973, 1, 12, 1, 119, 3, 296),
(974, 2, 2, 2, 275, 2, 167),
(975, 2, 44, 2, 160, 1, 365),
(976, 1, 3, 2, 500, 1, 365),
(977, 2, 19, 2, 175, 14, 0),
(978, 1, 21, 2, 87, 6, 258),
(979, 1, 16, 2, 160, 1, 257),
(980, 2, 19, 1, 125, 3, 364),
(981, 1, 6, 2, 90, 2, 236),
(982, 2, 23, 2, 200, 7, 0),
(983, 1, 6, 2, 250, 15, 54),
(984, 2, 8, 1, 99, 30, 189),
(985, 2, 7, 2, 325, 30, 364),
(986, 2, 7, 1, 99, 1, 265),
(987, 2, 2, 2, 325, 2, 207),
(988, 2, 11, 2, 129, 7, 0),
(989, 1, 15, 2, 130, 28, 196),
(990, 1, 96, 2, 190, 4, 0),
(991, 1, 15, 1, 55, 2, 57),
(992, 2, 30, 1, 60, 2, 0),
(993, 2, 8, 2, 250, 1, 0),
(994, 2, 30, 2, 275, 3, 277),
(995, 3, 25, 1, 50, 180, 0),
(996, 1, 29, 2, 125, 4, 10),
(997, 1, 3, 2, 150, 20, 247),
(998, 1, 68, 2, 70, 4, 273),
(999, 1, 35, 2, 138, 3, 189),
(1000, 2, 44, 2, 265, 4, 0),
(1001, 2, 28, 1, 145, 5, 365),
(1002, 2, 11, 2, 151, 88, 249),
(1003, 2, 44, 2, 208, 6, 310),
(1004, 1, 12, 2, 200, 3, 291),
(1005, 2, 19, 1, 110, 2, 74),
(1006, 2, 20, 1, 58, 1, 289),
(1007, 2, 20, 1, 55, 2, 0),
(1008, 1, 16, 2, 105, 115, 219),
(1009, 2, 19, 2, 350, 5, 0),
(1010, 1, 24, 2, 150, 3, 73),
(1011, 1, 12, 1, 55, 150, 97),
(1012, 3, 45, 2, 77, 3, 85),
(1013, 2, 14, 2, 125, 9, 0),
(1014, 2, 8, 2, 395, 14, 50),
(1015, 1, 6, 2, 189, 7, 303),
(1016, 5, 97, 1, 49, 1, 333),
(1017, 2, 8, 2, 90, 4, 239),
(1018, 2, 26, 1, 100, 1, 6),
(1019, 1, 12, 2, 299, 2, 0),
(1020, 3, 81, 1, 75, 5, 180),
(1021, 3, 81, 1, 69, 7, 318),
(1022, 1, 12, 1, 90, 1, 328),
(1023, 2, 20, 1, 94, 1, 18),
(1024, 1, 17, 1, 80, 2, 353),
(1025, 5, 98, 2, 100, 5, 63),
(1026, 1, 99, 1, 39, 5, 34),
(1027, 2, 8, 2, 250, 3, 284),
(1028, 1, 77, 1, 55, 7, 333),
(1029, 1, 1, 2, 200, 1, 0),
(1030, 1, 17, 2, 142, 3, 222),
(1031, 1, 3, 1, 70, 2, 333),
(1032, 1, 21, 2, 260, 2, 0),
(1033, 2, 23, 2, 225, 4, 195),
(1034, 1, 6, 1, 59, 21, 0),
(1035, 2, 20, 1, 65, 1, 0),
(1036, 2, 18, 2, 99, 20, 249),
(1037, 2, 19, 2, 239, 2, 78),
(1038, 2, 18, 2, 50, 2, 21),
(1039, 2, 20, 1, 65, 4, 0),
(1040, 2, 14, 2, 139, 4, 0),
(1041, 2, 11, 2, 174, 2, 167),
(1042, 2, 11, 2, 315, 3, 0),
(1043, 2, 20, 1, 75, 3, 47),
(1044, 2, 19, 2, 210, 1, 0),
(1045, 1, 12, 1, 55, 4, 195),
(1046, 1, 12, 2, 229, 3, 319),
(1047, 2, 28, 2, 150, 2, 0),
(1048, 2, 26, 2, 129, 2, 177),
(1049, 2, 20, 2, 100, 8, 0),
(1050, 1, 12, 2, 200, 3, 67),
(1051, 2, 23, 1, 89, 5, 0),
(1052, 1, 15, 2, 250, 90, 311),
(1053, 1, 6, 1, 65, 7, 0),
(1054, 1, 15, 2, 68, 2, 0),
(1055, 1, 12, 2, 235, 3, 144),
(1056, 1, 6, 2, 100, 3, 220),
(1057, 2, 23, 2, 311, 3, 28),
(1058, 3, 47, 3, 39, 1, 353),
(1059, 2, 11, 1, 100, 2, 19),
(1060, 2, 23, 2, 210, 1, 319),
(1061, 1, 15, 1, 55, 4, 170),
(1062, 2, 100, 1, 65, 2, 0),
(1063, 1, 12, 2, 165, 30, 157),
(1064, 2, 46, 1, 89, 28, 80),
(1065, 2, 75, 2, 500, 10, 0),
(1066, 1, 6, 2, 145, 14, 0),
(1067, 1, 24, 1, 110, 4, 330),
(1068, 2, 8, 2, 180, 5, 0),
(1069, 1, 29, 2, 115, 2, 0),
(1070, 1, 22, 2, 82, 15, 311),
(1071, 3, 25, 1, 70, 1, 340),
(1072, 1, 12, 2, 155, 5, 0),
(1073, 1, 77, 2, 100, 2, 0),
(1074, 2, 19, 2, 89, 30, 0),
(1075, 2, 19, 2, 89, 30, 4),
(1076, 2, 19, 2, 99, 30, 8),
(1077, 2, 19, 2, 155, 6, 0),
(1078, 2, 20, 1, 85, 1, 238),
(1079, 2, 60, 1, 80, 4, 96),
(1080, 2, 26, 2, 135, 3, 236),
(1081, 1, 34, 2, 150, 6, 0),
(1082, 2, 14, 2, 380, 3, 0),
(1083, 1, 13, 2, 450, 2, 30),
(1084, 1, 12, 2, 145, 30, 342),
(1085, 3, 40, 1, 80, 3, 330),
(1086, 1, 12, 2, 225, 2, 225),
(1087, 2, 8, 1, 99, 3, 0),
(1088, 2, 23, 2, 125, 1, 212),
(1089, 2, 7, 2, 80, 30, 365),
(1090, 1, 13, 1, 100, 2, 12),
(1091, 1, 6, 1, 55, 2, 297),
(1092, 2, 101, 2, 328, 2, 112),
(1093, 1, 12, 2, 142, 7, 261),
(1094, 1, 3, 2, 350, 4, 0),
(1095, 1, 17, 2, 300, 2, 23),
(1096, 1, 73, 2, 105, 30, 30),
(1097, 1, 35, 1, 125, 31, 331),
(1098, 1, 12, 2, 225, 7, 0),
(1099, 1, 77, 2, 92, 2, 0),
(1100, 2, 19, 2, 185, 2, 0),
(1101, 1, 12, 2, 226, 3, 38),
(1102, 1, 77, 1, 50, 2, 20),
(1103, 2, 4, 1, 80, 3, 0),
(1104, 2, 2, 2, 99, 14, 317),
(1105, 1, 16, 2, 68, 3, 0),
(1106, 1, 29, 1, 102, 2, 361),
(1107, 1, 16, 2, 220, 3, 68),
(1108, 2, 8, 2, 199, 3, 0),
(1109, 2, 9, 2, 165, 5, 316),
(1110, 2, 9, 2, 150, 2, 231),
(1111, 1, 35, 2, 385, 1, 363),
(1112, 2, 27, 2, 499, 2, 26),
(1113, 3, 102, 1, 85, 1, 305),
(1114, 1, 13, 2, 160, 4, 34),
(1115, 1, 10, 2, 249, 3, 26),
(1116, 1, 35, 1, 80, 2, 189),
(1117, 1, 12, 1, 120, 1, 292),
(1118, 5, 67, 1, 35, 7, 90),
(1119, 1, 80, 2, 169, 4, 323),
(1120, 2, 19, 2, 220, 4, 341),
(1121, 1, 6, 1, 85, 3, 344),
(1122, 2, 20, 1, 79, 30, 302),
(1123, 1, 12, 1, 90, 4, 30),
(1124, 2, 8, 1, 99, 1, 246),
(1125, 2, 14, 3, 50, 1, 0),
(1126, 1, 24, 1, 46, 1, 362),
(1127, 1, 10, 2, 325, 3, 203),
(1128, 4, 103, 1, 68, 2, 88),
(1129, 2, 27, 2, 198, 3, 0),
(1130, 1, 6, 2, 100, 5, 0),
(1131, 1, 12, 2, 175, 2, 64),
(1132, 2, 11, 2, 130, 4, 77),
(1133, 2, 53, 2, 180, 3, 0),
(1134, 1, 29, 2, 209, 3, 160),
(1135, 2, 8, 2, 150, 4, 141),
(1136, 2, 23, 2, 104, 3, 6),
(1137, 2, 19, 2, 175, 4, 0),
(1138, 2, 28, 1, 80, 1, 0),
(1139, 1, 22, 1, 68, 2, 23),
(1140, 2, 19, 1, 72, 5, 13),
(1141, 3, 57, 2, 107, 30, 262),
(1142, 2, 19, 2, 150, 7, 24),
(1143, 5, 104, 1, 45, 3, 329),
(1144, 1, 6, 1, 49, 2, 301),
(1145, 1, 32, 2, 349, 1, 344),
(1146, 2, 8, 2, 185, 2, 259),
(1147, 2, 26, 2, 145, 3, 0),
(1148, 1, 12, 2, 96, 3, 0),
(1149, 1, 22, 2, 120, 5, 0),
(1150, 2, 19, 2, 160, 1, 0),
(1151, 1, 33, 2, 800, 3, 67),
(1152, 1, 15, 2, 349, 2, 260),
(1153, 3, 25, 2, 350, 2, 272),
(1154, 1, 29, 2, 125, 30, 341),
(1155, 1, 39, 2, 350, 2, 56),
(1156, 1, 6, 2, 150, 10, 185),
(1157, 2, 14, 2, 200, 1, 260),
(1158, 1, 13, 2, 99, 30, 242),
(1159, 2, 14, 2, 130, 5, 0),
(1160, 1, 12, 2, 150, 3, 0),
(1161, 1, 1, 2, 90, 10, 269),
(1162, 1, 12, 1, 95, 1, 0),
(1163, 3, 45, 2, 70, 30, 0),
(1164, 2, 28, 1, 82, 3, 251),
(1165, 1, 6, 2, 250, 30, 292),
(1166, 2, 20, 2, 90, 4, 150),
(1167, 3, 31, 1, 75, 2, 317),
(1168, 1, 3, 2, 160, 14, 0),
(1169, 2, 20, 1, 115, 7, 178),
(1170, 1, 10, 1, 150, 4, 0),
(1171, 1, 12, 1, 89, 4, 23),
(1172, 3, 85, 2, 69, 5, 4),
(1173, 2, 14, 1, 170, 2, 254),
(1174, 1, 10, 2, 375, 5, 43),
(1175, 2, 19, 2, 118, 3, 13),
(1176, 2, 14, 2, 135, 6, 170),
(1177, 5, 78, 2, 250, 3, 339),
(1178, 1, 21, 2, 200, 7, 365),
(1179, 2, 63, 2, 150, 5, 0),
(1180, 2, 4, 1, 50, 2, 60),
(1181, 2, 20, 2, 100, 2, 0),
(1182, 2, 51, 2, 265, 3, 341),
(1183, 2, 28, 1, 90, 30, 128),
(1184, 1, 77, 1, 36, 10, 44),
(1185, 2, 8, 2, 250, 4, 0),
(1186, 2, 20, 2, 220, 3, 338),
(1187, 2, 8, 1, 93, 14, 176),
(1188, 1, 15, 2, 275, 5, 357),
(1189, 3, 57, 1, 109, 30, 0),
(1190, 1, 12, 2, 450, 2, 0),
(1191, 2, 53, 2, 165, 30, 259),
(1192, 1, 24, 2, 80, 7, 20),
(1193, 2, 53, 1, 295, 5, 350),
(1194, 1, 12, 2, 280, 7, 41),
(1195, 2, 63, 2, 300, 30, 106),
(1196, 2, 19, 2, 99, 30, 0),
(1197, 1, 6, 2, 175, 3, 0),
(1198, 2, 14, 2, 225, 4, 205),
(1199, 2, 14, 2, 230, 6, 0),
(1200, 1, 29, 1, 90, 7, 38),
(1201, 2, 8, 2, 102, 3, 21),
(1202, 1, 22, 1, 59, 10, 0),
(1203, 2, 19, 2, 195, 2, 68),
(1204, 3, 57, 2, 150, 3, 365),
(1205, 2, 30, 2, 170, 1, 17),
(1206, 2, 7, 2, 217, 2, 0),
(1207, 2, 20, 2, 185, 1, 91),
(1208, 2, 54, 1, 58, 6, 0),
(1209, 1, 12, 2, 189, 4, 1),
(1210, 2, 19, 2, 88, 30, 0),
(1211, 2, 7, 2, 195, 3, 59),
(1212, 3, 45, 2, 110, 5, 276),
(1213, 2, 53, 1, 79, 4, 30),
(1214, 2, 28, 2, 110, 10, 0),
(1215, 1, 3, 1, 200, 3, 365),
(1216, 1, 24, 1, 69, 4, 43),
(1217, 3, 38, 1, 55, 1, 332),
(1218, 1, 33, 2, 135, 4, 0),
(1219, 2, 44, 2, 500, 2, 79),
(1220, 1, 3, 2, 135, 3, 211),
(1221, 2, 19, 2, 90, 2, 0),
(1222, 2, 28, 2, 160, 4, 0),
(1223, 1, 17, 1, 65, 20, 311),
(1224, 2, 8, 2, 210, 3, 347),
(1225, 2, 14, 2, 399, 3, 0),
(1226, 2, 23, 2, 300, 1, 111),
(1227, 1, 15, 2, 185, 1, 348),
(1228, 2, 20, 2, 220, 3, 174),
(1229, 1, 29, 2, 121, 2, 0),
(1230, 2, 18, 2, 120, 10, 129),
(1231, 1, 16, 1, 152, 2, 365),
(1232, 1, 35, 2, 250, 2, 25),
(1233, 2, 19, 1, 99, 6, 0),
(1234, 1, 21, 2, 104, 11, 0),
(1235, 1, 21, 2, 120, 5, 0),
(1236, 2, 19, 2, 295, 3, 261),
(1237, 1, 34, 2, 90, 4, 0),
(1238, 2, 11, 2, 197, 14, 0),
(1239, 2, 53, 2, 145, 5, 0),
(1240, 2, 8, 2, 90, 30, 0),
(1241, 2, 14, 1, 125, 2, 172),
(1242, 2, 7, 2, 190, 1, 69),
(1243, 2, 8, 3, 76, 2, 324),
(1244, 1, 6, 1, 50, 2, 0),
(1245, 2, 19, 1, 107, 1, 85),
(1246, 1, 6, 2, 80, 4, 245),
(1247, 1, 6, 2, 150, 5, 0),
(1248, 1, 22, 2, 110, 90, 330),
(1249, 1, 22, 2, 115, 370, 365),
(1250, 2, 19, 2, 151, 2, 256),
(1251, 1, 13, 2, 130, 2, 0),
(1252, 1, 15, 2, 180, 2, 264),
(1253, 1, 15, 1, 95, 1, 359),
(1254, 2, 20, 1, 79, 1, 335),
(1255, 1, 6, 1, 60, 30, 245),
(1256, 1, 55, 2, 133, 4, 338),
(1257, 2, 8, 2, 120, 30, 337),
(1258, 1, 12, 1, 120, 2, 102),
(1259, 2, 20, 1, 700, 28, 22),
(1260, 2, 7, 2, 165, 3, 0),
(1261, 2, 8, 2, 165, 4, 0),
(1262, 3, 50, 2, 54, 45, 80),
(1263, 2, 19, 2, 100, 5, 0),
(1264, 1, 15, 1, 80, 7, 365),
(1265, 2, 9, 1, 96, 19, 165),
(1266, 1, 16, 2, 159, 2, 0),
(1267, 1, 10, 1, 50, 2, 54),
(1268, 2, 4, 1, 75, 2, 77),
(1269, 1, 3, 2, 155, 30, 249),
(1270, 1, 21, 1, 150, 2, 72),
(1271, 3, 105, 2, 92, 1, 8),
(1272, 1, 21, 1, 75, 5, 0),
(1273, 3, 57, 1, 69, 40, 207),
(1274, 1, 34, 2, 115, 4, 15),
(1275, 2, 19, 2, 120, 60, 0),
(1276, 2, 7, 1, 120, 2, 179),
(1277, 2, 53, 2, 215, 30, 332),
(1278, 1, 15, 2, 195, 2, 255),
(1279, 1, 21, 2, 175, 3, 215),
(1280, 1, 15, 1, 80, 2, 311),
(1281, 1, 12, 1, 48, 5, 0),
(1282, 2, 11, 2, 200, 7, 217),
(1283, 1, 12, 2, 275, 30, 363),
(1284, 1, 106, 1, 72, 1, 335),
(1285, 2, 27, 2, 199, 60, 281),
(1286, 1, 12, 2, 250, 30, 250),
(1287, 2, 20, 1, 75, 5, 343),
(1288, 2, 27, 1, 125, 1, 365),
(1289, 2, 75, 1, 229, 1, 36),
(1290, 1, 33, 2, 175, 10, 0),
(1291, 1, 6, 2, 140, 3, 0),
(1292, 1, 6, 1, 54, 2, 220),
(1293, 3, 45, 2, 75, 2, 0),
(1294, 2, 28, 2, 110, 7, 0),
(1295, 2, 5, 2, 165, 1, 185),
(1296, 2, 18, 1, 55, 4, 79),
(1297, 2, 18, 1, 55, 4, 179),
(1298, 2, 11, 2, 300, 1, 0),
(1299, 2, 14, 2, 275, 6, 69),
(1300, 1, 12, 1, 77, 3, 0),
(1301, 2, 30, 1, 60, 30, 365),
(1302, 1, 33, 2, 129, 1, 261),
(1303, 3, 40, 1, 100, 3, 188),
(1304, 1, 16, 2, 120, 4, 0),
(1305, 1, 12, 2, 500, 2, 307),
(1306, 2, 8, 2, 179, 4, 11),
(1307, 1, 3, 2, 149, 2, 4),
(1308, 1, 12, 2, 180, 14, 312),
(1309, 1, 29, 1, 100, 2, 257),
(1310, 1, 39, 2, 180, 3, 0),
(1311, 1, 21, 2, 128, 5, 20),
(1312, 1, 29, 2, 260, 14, 0),
(1313, 1, 16, 1, 65, 3, 22),
(1314, 2, 28, 2, 200, 2, 0),
(1315, 2, 7, 2, 249, 3, 38),
(1316, 1, 35, 2, 300, 30, 365),
(1317, 2, 4, 2, 120, 7, 16),
(1318, 2, 8, 1, 120, 20, 144),
(1319, 1, 29, 2, 125, 5, 0),
(1320, 3, 79, 2, 99, 3, 301),
(1321, 1, 22, 2, 115, 3, 3),
(1322, 1, 22, 2, 275, 31, 364),
(1323, 1, 35, 2, 198, 2, 299),
(1324, 2, 19, 2, 199, 3, 142),
(1325, 2, 8, 1, 125, 3, 58),
(1326, 2, 20, 2, 80, 2, 193),
(1327, 2, 75, 2, 130, 30, 116),
(1328, 1, 82, 1, 35, 28, 326),
(1329, 1, 12, 2, 90, 30, 0),
(1330, 1, 12, 2, 250, 3, 188),
(1331, 1, 29, 2, 200, 4, 0),
(1332, 1, 12, 1, 64, 30, 230),
(1333, 1, 6, 1, 65, 3, 341),
(1334, 2, 7, 1, 90, 2, 358),
(1335, 2, 26, 2, 50, 30, 91),
(1336, 2, 20, 2, 136, 2, 6),
(1337, 1, 12, 2, 400, 3, 83),
(1338, 1, 24, 2, 125, 4, 29),
(1339, 2, 19, 2, 165, 7, 32),
(1340, 2, 20, 2, 105, 14, 0),
(1341, 2, 7, 2, 148, 4, 0),
(1342, 1, 13, 2, 120, 3, 189),
(1343, 2, 66, 2, 99, 8, 0),
(1344, 2, 19, 2, 175, 1, 0),
(1345, 1, 12, 1, 85, 2, 0),
(1346, 2, 28, 1, 80, 1, 319),
(1347, 1, 6, 2, 119, 2, 338),
(1348, 3, 25, 1, 89, 1, 50),
(1349, 2, 27, 3, 195, 2, 0),
(1350, 2, 8, 2, 1000, 30, 364),
(1351, 2, 53, 2, 225, 4, 172),
(1352, 1, 12, 2, 165, 2, 0),
(1353, 1, 17, 1, 60, 2, 86),
(1354, 2, 11, 2, 165, 5, 87),
(1355, 1, 22, 1, 80, 14, 67),
(1356, 3, 40, 1, 52, 3, 0),
(1357, 2, 63, 2, 160, 4, 0),
(1358, 1, 15, 2, 110, 5, 15),
(1359, 2, 8, 1, 60, 2, 0),
(1360, 4, 107, 2, 299, 3, 245),
(1361, 2, 19, 2, 200, 6, 128),
(1362, 2, 11, 2, 700, 5, 365),
(1363, 1, 37, 1, 120, 3, 271),
(1364, 2, 4, 1, 65, 2, 32),
(1365, 2, 7, 2, 263, 30, 33),
(1366, 1, 6, 2, 120, 20, 149);

-- --------------------------------------------------------

--
-- Table structure for table `quartier`
--

CREATE TABLE `quartier` (
  `id_quartier` int(11) NOT NULL,
  `nom_quartier` varchar(75) NOT NULL
) ENGINE=InnoDB DEFAULT CHARSET=utf8;

--
-- Dumping data for table `quartier`
--

INSERT INTO `quartier` (`id_quartier`, `nom_quartier`) VALUES
(1, 'Brooklyn'),
(2, 'Manhattan'),
(3, 'Queens'),
(4, 'Staten Island'),
(5, 'Bronx'),
(6, 'Oona');

-- --------------------------------------------------------

--
-- Table structure for table `room_type`
--

CREATE TABLE `room_type` (
  `id_room_type` int(11) NOT NULL,
  `r_type` varchar(75) NOT NULL
) ENGINE=InnoDB DEFAULT CHARSET=utf8;

--
-- Dumping data for table `room_type`
--

INSERT INTO `room_type` (`id_room_type`, `r_type`) VALUES
(1, 'Private room'),
(2, 'Entire home/apt'),
(3, 'Shared room');

-- --------------------------------------------------------

--
-- Table structure for table `secteur`
--

CREATE TABLE `secteur` (
  `id_secteur` int(11) NOT NULL,
  `nom_secteur` varchar(75) NOT NULL
) ENGINE=InnoDB DEFAULT CHARSET=utf8;

--
-- Dumping data for table `secteur`
--

INSERT INTO `secteur` (`id_secteur`, `nom_secteur`) VALUES
(1, 'Kensington'),
(2, 'Midtown'),
(3, 'Clinton Hill'),
(4, 'East Harlem'),
(5, 'Murray Hill'),
(6, 'Bedford-Stuyvesant'),
(7, 'Hell\'s Kitchen'),
(8, 'Upper West Side'),
(9, 'Chinatown'),
(10, 'South Slope'),
(11, 'West Village'),
(12, 'Williamsburg'),
(13, 'Fort Greene'),
(14, 'Chelsea'),
(15, 'Crown Heights'),
(16, 'Park Slope'),
(17, 'Windsor Terrace'),
(18, 'Inwood'),
(19, 'East Village'),
(20, 'Harlem'),
(21, 'Greenpoint'),
(22, 'Bushwick'),
(23, 'Lower East Side'),
(24, 'Prospect-Lefferts Gardens'),
(25, 'Long Island City'),
(26, 'Kips Bay'),
(27, 'SoHo'),
(28, 'Upper East Side'),
(29, 'Prospect Heights'),
(30, 'Washington Heights'),
(31, 'Woodside'),
(32, 'Flatbush'),
(33, 'Brooklyn Heights'),
(34, 'Carroll Gardens'),
(35, 'Gowanus'),
(36, 'Flatlands'),
(37, 'Cobble Hill'),
(38, 'Flushing'),
(39, 'Boerum Hill'),
(40, 'Sunnyside'),
(41, 'DUMBO'),
(42, 'St. George'),
(43, 'Highbridge'),
(44, 'Financial District'),
(45, 'Ridgewood'),
(46, 'Morningside Heights'),
(47, 'Jamaica'),
(48, 'Middle Village'),
(49, 'NoHo'),
(50, 'Ditmars Steinway'),
(51, 'Flatiron District'),
(52, 'Roosevelt Island'),
(53, 'Greenwich Village'),
(54, 'Little Italy'),
(55, 'East Flatbush'),
(56, 'Tompkinsville'),
(57, 'Astoria'),
(58, 'Eastchester'),
(59, 'Kingsbridge'),
(60, 'Two Bridges'),
(61, 'Rockaway Beach'),
(62, 'Forest Hills'),
(63, 'Nolita'),
(64, 'Woodlawn'),
(65, 'University Heights'),
(66, 'Gramercy'),
(67, 'Allerton'),
(68, 'East New York'),
(69, 'Theater District'),
(70, 'Concourse Village'),
(71, 'Sheepshead Bay'),
(72, 'Emerson Hill'),
(73, 'Fort Hamilton'),
(74, 'Bensonhurst'),
(75, 'Tribeca'),
(76, 'Shore Acres'),
(77, 'Sunset Park'),
(78, 'Concourse'),
(79, 'Elmhurst'),
(80, 'Brighton Beach'),
(81, 'Jackson Heights'),
(82, 'Cypress Hills'),
(83, 'St. Albans'),
(84, 'Arrochar'),
(85, 'Rego Park'),
(86, 'Wakefield'),
(87, 'Brooklyn'),
(88, 'Clifton'),
(89, 'Bay Ridge'),
(90, 'Graniteville'),
(91, 'Spuyten Duyvil'),
(92, 'Stapleton'),
(93, 'Briarwood'),
(94, 'Ozone Park'),
(95, 'Columbia St'),
(96, 'Vinegar Hill'),
(97, 'Mott Haven'),
(98, 'Longwood'),
(99, 'Canarsie'),
(100, 'Battery Park City'),
(101, 'Civic Center'),
(102, 'East Elmhurst'),
(103, 'New Springville'),
(104, 'Morris Heights'),
(105, 'Arverne'),
(106, 'Gravesend'),
(107, 'Tottenville'),
(108, 'Mariners Harbor'),
(109, 'Concord'),
(110, 'Borough Park'),
(111, 'Bayside'),
(112, 'Downtown Brooklyn'),
(113, 'Port Morris'),
(114, 'Fieldston'),
(115, 'Kew Gardens'),
(116, 'Midwood'),
(117, 'College Point'),
(118, 'Mount Eden');

-- --------------------------------------------------------

--
-- Stand-in structure for view `v_location`
-- (See below for the actual view)
--
CREATE TABLE `v_location` (
`nom_quartier` varchar(75)
,`nom_secteur` varchar(75)
,`r_type` varchar(75)
,`prix` int(11)
,`nuit_mini` int(11)
,`dispo` int(11)
);

-- --------------------------------------------------------

--
-- Stand-in structure for view `v_location2`
-- (See below for the actual view)
--
CREATE TABLE `v_location2` (
`nom_quartier` varchar(75)
,`nom_secteur` varchar(75)
,`r_type` varchar(75)
,`prix` int(11)
,`nuit_mini` int(11)
,`dispo` int(11)
);

-- --------------------------------------------------------

--
-- Structure for view `v_location`
--
DROP TABLE IF EXISTS `v_location`;

CREATE ALGORITHM=UNDEFINED DEFINER=`root`@`localhost` SQL SECURITY DEFINER VIEW `v_location`  AS  select `quartier`.`nom_quartier` AS `nom_quartier`,`secteur`.`nom_secteur` AS `nom_secteur`,`room_type`.`r_type` AS `r_type`,`location`.`prix` AS `prix`,`location`.`nuit_mini` AS `nuit_mini`,`location`.`dispo` AS `dispo` from (((`location` join `quartier` on((`quartier`.`id_quartier` = `location`.`id_quartier`))) join `secteur` on((`secteur`.`id_secteur` = `location`.`id_secteur`))) join `room_type` on((`room_type`.`id_room_type` = `location`.`id_room_type`))) ;

-- --------------------------------------------------------

--
-- Structure for view `v_location2`
--
DROP TABLE IF EXISTS `v_location2`;

CREATE ALGORITHM=UNDEFINED DEFINER=`root`@`localhost` SQL SECURITY DEFINER VIEW `v_location2`  AS  select `quartier`.`nom_quartier` AS `nom_quartier`,`secteur`.`nom_secteur` AS `nom_secteur`,`room_type`.`r_type` AS `r_type`,`location`.`prix` AS `prix`,`location`.`nuit_mini` AS `nuit_mini`,`location`.`dispo` AS `dispo` from (((`location` join `quartier` on((`quartier`.`id_quartier` = `location`.`id_quartier`))) join `secteur` on((`secteur`.`id_secteur` = `location`.`id_secteur`))) join `room_type` on((`room_type`.`id_room_type` = `location`.`id_room_type`))) ;

--
-- Indexes for dumped tables
--

--
-- Indexes for table `location`
--
ALTER TABLE `location`
  ADD PRIMARY KEY (`id_location`),
  ADD KEY `id_quartier` (`id_quartier`),
  ADD KEY `id_room_type` (`id_room_type`),
  ADD KEY `id_secteur` (`id_secteur`);

--
-- Indexes for table `quartier`
--
ALTER TABLE `quartier`
  ADD PRIMARY KEY (`id_quartier`);

--
-- Indexes for table `room_type`
--
ALTER TABLE `room_type`
  ADD PRIMARY KEY (`id_room_type`);

--
-- Indexes for table `secteur`
--
ALTER TABLE `secteur`
  ADD PRIMARY KEY (`id_secteur`);

--
-- AUTO_INCREMENT for dumped tables
--

--
-- AUTO_INCREMENT for table `location`
--
ALTER TABLE `location`
  MODIFY `id_location` int(11) NOT NULL AUTO_INCREMENT, AUTO_INCREMENT=1367;

--
-- AUTO_INCREMENT for table `quartier`
--
ALTER TABLE `quartier`
  MODIFY `id_quartier` int(11) NOT NULL AUTO_INCREMENT, AUTO_INCREMENT=7;

--
-- AUTO_INCREMENT for table `room_type`
--
ALTER TABLE `room_type`
  MODIFY `id_room_type` int(11) NOT NULL AUTO_INCREMENT, AUTO_INCREMENT=4;

--
-- AUTO_INCREMENT for table `secteur`
--
ALTER TABLE `secteur`
  MODIFY `id_secteur` int(11) NOT NULL AUTO_INCREMENT, AUTO_INCREMENT=119;

--
-- Constraints for dumped tables
--

--
-- Constraints for table `location`
--
ALTER TABLE `location`
  ADD CONSTRAINT `location_ibfk_1` FOREIGN KEY (`id_quartier`) REFERENCES `quartier` (`id_quartier`),
  ADD CONSTRAINT `location_ibfk_2` FOREIGN KEY (`id_room_type`) REFERENCES `room_type` (`id_room_type`),
  ADD CONSTRAINT `location_ibfk_3` FOREIGN KEY (`id_secteur`) REFERENCES `secteur` (`id_secteur`);
COMMIT;

/*!40101 SET CHARACTER_SET_CLIENT=@OLD_CHARACTER_SET_CLIENT */;
/*!40101 SET CHARACTER_SET_RESULTS=@OLD_CHARACTER_SET_RESULTS */;
/*!40101 SET COLLATION_CONNECTION=@OLD_COLLATION_CONNECTION */;
